id,name,,,
1,설경구,,,
2,비고 모텐슨,,,
3,정준호,,,
4,휴 그랜트,,,
5,마이크 마이어스,,,
6,최민식,,,
7,김선아,,,
8,김래원,,,
9,제임스 카비젤,,,
10,손창민,,,
11,장동건,,,
12,황정민,,,
13,김석,,,
14,제니퍼 애니스턴,,,
15,할리 베리,,,
16,김주혁,,,
17,릴 로메오,,,
18,토비 맥과이어,,,
19,전도연,,,
20,이나영,,,
21,데니스 퀘이드,,,
22,김하늘,,,
23,권용운,,,
24,다이앤 크루거,,,
25,팀 피곳 스미스,,,
26,전지현,,,
27,김응수,,,
28,수애,,,
29,이범수,,,
30,호아킨 피닉스,,,
31,덴젤 워싱턴,,,
32,성룡,,,
33,금성무,,,
34,니콜 키드먼,,,
35,콜린 파렐,,,
36,바이쇼 치에코,,,
37,김현주,,,
38,홀리 헌터,,,
39,제라드 버틀러,,,
40,톰 행크스,,,
41,르네 젤위거,,,
42,웨슬리 스나입스,,,
43,이병헌,,,
44,김수미,,,
45,김원진,,,
46,산드라 블록,,,
47,힐러리 스웽크,,,
48,다케우치 유코,,,
49,마이크 폴락,,,
50,윌 스미스,,,
51,케빈 폴락,,,
52,안젤리나 졸리,,,
53,김혜수,,,
54,리암 니슨,,,
55,미키 루크,,,
56,나타웨라누크 통미,,,
57,강혜정,,,
58,페넬로페 크루즈,,,
59,감우성,,,
60,멜리사 조지,,,
61,공리,,,
62,신현준,,,
63,김민준,,,
64,공형진,,,
65,프레디 하이모어,,,
66,견자단,,,
67,신하균,,,
68,김정은,,,
69,톰 케니,,,
70,조지 헨리,,,
71,잭 블랙,,,
72,김혜정,,,
73,손예진,,,
74,장진영,,,
75,다니엘 래드클리프,,,
76,송혜교,,,
77,로빈 윌리엄스,,,
78,권상우,,,
79,짐 캐리,,,
80,샤론 스톤,,,
81,키이라 나이틀리,,,
82,봉태규,,,
83,이연걸,,,
84,안재모,,,
85,조지 클루니,,,
86,미야자키 아오이,,,
87,휴고 위빙,,,
88,브랜든 루스,,,
89,송윤아,,,
90,조인성,,,
91,휴 잭맨,,,
92,조쉬 하트넷,,,
93,박중훈,,,
94,류승범,,,
95,호리키타 마키,,,
96,데미 무어,,,
97,커트 러셀,,,
98,조승우,,,
99,강동원,,,
100,줄리아 로버츠,,,
101,주현,,,
102,장쯔이,,,
103,벤 스틸러,,,
104,김아중,,,
105,최령,,,
106,정우성,,,
107,다니엘 크레이그,,,
108,예지원,,,
109,카메론 디아즈,,,
110,가엘 가르시아 베르날,,,
111,그렉 키니어,,,
112,차승원,,,
113,벤 위쇼,,,
114,박용우,,,
115,세바스티안 코치,,,
116,이선,,,
117,지진희,,,
118,샤이아 라보프,,,
119,조니 뎁,,,
120,엘리샤 커스버트,,,
121,케인,,,
122,하정우,,,
123,주진모,,,
124,맷 데이먼,,,
125,김서현,,,
126,김상호,,,
127,김영철,,,
128,글렌 하사드,,,
129,조영민,,,
130,니콜라스 케이지,,,
131,손태영,,,
132,임창정,,,
133,나탈리 포트만,,,
134,저스틴 롱,,,
135,헤이든 크리스텐슨,,,
136,김윤석,,,
137,송승헌,,,
138,선자 손,,,
139,줄리엣 비노쉬,,,
140,스티븐 스트레이트,,,
141,캐서린 제타-존스,,,
142,이안 그루퍼드,,,
143,에밀리 왓슨,,,
144,제임스 맥어보이,,,
145,차인표,,,
146,더스틴 호프만,,,
147,사라 제시카 파커,,,
148,에드워드 노튼,,,
149,신민아,,,
150,스티브 카렐,,,
151,짐 스터게스,,,
152,나문희,,,
153,아만다 사이프리드,,,
154,유해진,,,
155,정재영,,,
156,소지섭,,,
157,곽선영,,,
158,론 펄먼,,,
159,김수로,,,
160,우마 서먼,,,
161,키퍼 서덜랜드,,,
162,차태현,,,
163,존 트라볼타,,,
164,키아누 리브스,,,
165,브렌든 프레이저,,,
166,야마구치 토모코,,,
167,크리스틴 스튜어트,,,
168,제이슨 스타뎀,,,
169,데브 파텔,,,
170,랄프 파인즈,,,
171,문성근,,,
172,아일라 피셔,,,
173,크리스 에반스,,,
174,쉐인 웨스트,,,
175,최원균,,,
176,클린트 이스트우드,,,
177,오연서,,,
178,김혜자,,,
179,크리스찬 베일,,,
180,베아트리즈 베르시아노,,,
181,하지원,,,
182,최경원,,,
183,브루스 윌리스,,,
184,케이 파나베이커,,,
185,김성태,,,
186,바비 캠포,,,
187,손경구,,,
188,샘 워싱턴,,,
189,로버트 다우니 주니어,,,
190,다니엘 데이 루이스,,,
191,오오타니 이쿠에,,,
192,존 쿠삭,,,
193,마크 러팔로,,,
194,김남길,,,
195,유지태,,,
196,송강호,,,
197,메릴 스트립,,,
198,김명민,,,
199,톰 크루즈,,,
200,애드리언 브로디,,,
201,박희순,,,
202,엄태웅,,,
203,김인권,,,
204,밀라 요보비치,,,
205,이영수,,,
206,원빈,,,
207,미란다 코스그로브,,,
208,시다 미라이,,,
209,심형래,,,
210,제프 브리지스,,,
211,멜라니 그리피스,,,
212,이선호,,,
213,러셀 크로우,,,
214,이선균,,,
215,송새벽,,,
216,벨렌 루에다,,,
217,콜린 퍼스,,,
218,이순재,,,
219,윤은혜,,,
220,아론 에크하트,,,
221,존 레귀자모,,,
222,샤룩 칸,,,
223,조쉬 더하멜,,,
224,유호정,,,
225,윤계상,,,
226,황우슬혜,,,
227,로즈 번,,,
228,라이언 필립,,,
229,로빈 라이트,,,
230,조엘 코트니,,,
231,미카엘 페르스브란트,,,
232,정유미,,,
233,박해일,,,
234,시고니 위버,,,
235,안젤라 랜스베리,,,
236,로버트 드니로,,,
237,이장원,,,
238,매튜 브로데릭,,,
239,미즈키 나나,,,
240,마츠모토 리카,,,
241,프랑수아 클뤼제,,,
242,엘레나 야코블레바,,,
243,리즈 위더스푼,,,
244,테일러 키취,,,
245,데인 드한,,,
246,앤드류 가필드,,,
247,임수정,,,
248,조여정,,,
249,크리스 헴스워스,,,
250,고현정,,,
251,강지환,,,
252,가이 피어스,,,
253,김동윤,,,
254,켈리 맥도날드,,,
255,마크 월버그,,,
256,하동훈,,,
257,조민수,,,
258,수라즈 샤르마,,,
259,고수,,,
260,마틴 프리먼,,,
261,존 C. 라일리,,,
262,조성현,,,
263,사무엘 L. 잭슨,,,
264,카리 히타라티,,,
265,지성,,,
266,이민기,,,
267,한석규,,,
268,이정재,,,
269,니콜라스 홀트,,,
270,류승룡,,,
271,레오나르도 디카프리오,,,
272,제라르 드빠르디유,,,
273,이경준,,,
274,브래드 피트,,,
275,이시영,,,
276,채닝 테이텀,,,
277,김수현,,,
278,헨리 카빌,,,
279,크리스 파인,,,
280,샘 닐,,,
281,에단 호크,,,
282,애슐리 벨,,,
283,베라 파미가,,,
284,저스틴 팀버레이크,,,
285,케이트 블란쳇,,,
286,릴리 콜린스,,,
287,로건 레먼,,,
288,알 파치노,,,
289,빌리 크리스탈,,,
290,서은아,,,
291,공유,,,
292,해리슨 포드,,,
293,김태균,,,
294,레이첼 맥아담스,,,
295,박형식,,,
296,배한성,,,
297,김희애,,,
298,케빈 코스트너,,,
299,심은경,,,
300,레나 헤디,,,
301,디오고 모르가도,,,
302,로버트 구스타프슨,,,
303,레아 세이두,,,
304,장한새,,,
305,토니 세르빌로,,,
306,딜런 오브라이언,,,
307,최승현,,,
308,다코타 패닝,,,
309,애나벨 월리스,,,
310,리차드 아미티지,,,
311,마이클 패스벤더,,,
312,베네딕트 컴버배치,,,
313,조병만,,,
314,김우빈,,,
315,홍수민,,,
316,매튜 매커너히,,,
317,빈 디젤,,,
318,마일즈 텔러,,,
319,릴리 제임스,,,
320,쉐일린 우들리,,,
321,앤 해서웨이,,,
322,박해빛나,,,
323,김상경,,,
324,김무열,,,
325,크리스 프랫,,,
326,코바야시 카오루,,,
327,마리아 벨로,,,
328,박보영,,,
329,톰 하디,,,
330,타이라 아이리,,,
331,제이슨 클락,,,
332,조슈아 J. 발라드,,,
333,신지수,,,
334,유승호,,,
335,아담 샌들러,,,
336,지니퍼 굿윈,,,
337,오달수,,,
338,나탈리 도메르,,,
339,지수,,,
340,조셉 파인즈,,,
341,니아 발다로스,,,
342,손숙,,,
343,미나세 이노리,,,
344,알렉산더 스카스가드,,,
345,안성기,,,
346,빌 풀만,,,
347,김민희,,,
348,닐 세티,,,
349,에밀리아 클라크,,,
350,조셉 고든 레빗,,,
351,에바 그린,,,
352,잭 휴스턴,,,
353,브라이스 달라스 하워드,,,
354,제인 레비,,,
355,이제인,,,
356,펠리시티 존스,,,
357,엠마 스톤,,,
358,카미키 류노스케,,,
359,김율,,,
360,채민지,,,
361,엠마 왓슨,,,
362,스칼렛 요한슨,,,
363,임시완,,,
364,타라지 P. 헨슨,,,
365,손현주,,,
366,히가시데 마사히로,,,
367,제시카 차스테인,,,
368,이제훈,,,
369,틸다 스윈튼,,,
370,헤일리 스테인펠드,,,
371,김옥빈,,,
372,박상훈,,,
373,김연우,,,
374,박경혜,,,
375,라이언 레이놀즈,,,
376,안셀 엘고트,,,
377,김미랑,,,
378,마리오 카사스,,,
379,김광석,,,
380,마크 해밀,,,
381,위하준,,,
382,마크 라이런스,,,
383,존 보예가,,,
384,엄상현,,,
385,티모시 샬라메,,,
386,루니 마라,,,
387,이솜,,,
388,김태리,,,
389,김다미,,,
390,조슈 브롤린,,,
391,벨라 손,,,
392,조진웅,,,
393,이태진,,,
394,현빈,,,
395,마동석,,,
396,타이사 파미가,,,
397,존 조,,,
398,한지민,,,
399,제프리 러쉬,,,
400,제이슨 모모아,,,
401,라미 말렉,,,
402,도경수,,,
403,박영남,,,
404,류준열,,,
405,루피타 뇽,,,
406,왕대륙,,,
407,브리 라슨,,,
408,염정아,,,
409,야곱 세데르그렌,,,
410,일라이저 우드,,,
411,알렉 볼드윈,,,
412,김보경,,,
413,모니카 벨루치,,,
414,조재현,,,
415,양동근,,,
416,최성,,,
417,엄정화,,,
418,제시카 알바,,,
419,커스틴 던스트,,,
420,제이크 질렌할,,,
421,신이,,,
422,안관수,,,
423,올랜도 블룸,,,
424,제임스 네스빗,,,
425,장혁,,,
426,장서희,,,
427,장신영,,,
428,세실 드 프랑스,,,
429,유덕화,,,
430,벤자민 브랫,,,
431,기무라 다쿠야,,,
432,이종혁,,,
433,크레이그 T. 넬슨,,,
434,에미 로섬,,,
435,노나 M. 게이,,,
436,이명수,,,
437,여운계,,,
438,레지나 킹,,,
439,나카무라 시도,,,
440,웨인 그레이슨,,,
441,에바 멘데스,,,
442,김성수,,,
443,아난다 에버링엄,,,
444,장첸,,,
445,허준호,,,
446,김영애,,,
447,여명,,,
448,이태성,,,
449,이준기,,,
450,스캔더 킨즈,,,
451,송일국,,,
452,테이어 레오니,,,
453,데이비드 모리시,,,
454,매튜 맥퍼딘,,,
455,진태현,,,
456,케빈 스페이시,,,
457,이동욱,,,
458,천호진,,,
459,천정명,,,
460,구로키 메이사,,,
461,한스 매디슨,,,
462,조쉬 루카스,,,
463,김원희,,,
464,고천락,,,
465,갈우,,,
466,카르멘 마우라,,,
467,김태희,,,
468,최찬숙,,,
469,케이트 윈슬렛,,,
470,샤를로뜨 갱스부르,,,
471,토니 콜렛,,,
472,버지니아 매드슨,,,
473,남궁민,,,
474,캐리스 밴 허슨,,,
475,빈스 본,,,
476,드류 베리모어,,,
477,박상호,,,
478,강성연,,,
479,메간 폭스,,,
480,다니엘 길리스,,,
481,크리스티나 비달,,,
482,파미가 베라,,,
483,박시연,,,
484,줄리아 스타일즈,,,
485,강성진,,,
486,박상면,,,
487,정려원,,,
488,다니엘 헤니,,,
489,마르케타 이글로바,,,
490,하명중,,,
491,존 보이트,,,
492,장근석,,,
493,송지효,,,
494,알리스 브라가,,,
495,제시 맥카트니,,,
496,조나단 리스 마이어스,,,
497,윌 켐프,,,
498,카밀라 벨,,,
499,로몰라 가레이,,,
500,벤 채플린,,,
501,신명철,,,
502,루시 리우,,,
503,킴 캐트럴,,,
504,리브 타일러,,,
505,온주완,,,
506,진구,,,
507,한은정,,,
508,셀마 블레어,,,
509,이한위,,,
510,에반 레이첼 우드,,,
511,폴라 패튼,,,
512,마일리 사이러스,,,
513,제니퍼 코넬리,,,
514,조쉬 허처슨,,,
515,아마미 유키,,,
516,주이 디샤넬,,,
517,로버트 패틴슨,,,
518,나탈리아 루다코바,,,
519,프리다 핀토,,,
520,추자현,,,
521,휴 댄시,,,
522,에드워드 번즈,,,
523,이보영,,,
524,이삼순,,,
525,크리스토퍼 칼리,,,
526,정경호,,,
527,조안,,,
528,장경아,,,
529,에이미 아담스,,,
530,은지원,,,
531,알리슨 로먼,,,
532,라다 미첼,,,
533,앰버 발레타,,,
534,애셔 북,,,
535,최강희,,,
536,닉 자노,,,
537,성동일,,,
538,조규철,,,
539,조 샐다나,,,
540,주드 로,,,
541,마리옹 꼬띠아르,,,
542,매튜 그레이 구블러,,,
543,히스 레저,,,
544,스티브 잔,,,
545,아만다 피트,,,
546,제이슨 아이삭스,,,
547,윤진서,,,
548,엄기준,,,
549,사라 폴리,,,
550,이완 맥그리거,,,
551,고창석,,,
552,퀸튼 잭슨,,,
553,크리스틴 데이비스,,,
554,이민정,,,
555,제임스 프랭코,,,
556,김정태,,,
557,웬트워스 밀러,,,
558,김새론,,,
559,한재석,,,
560,마이클 리스폴리,,,
561,강예원,,,
562,가렛 헤드룬드,,,
563,이사벨 퍼만,,,
564,김선혜,,,
565,엘리자베스 뱅크스,,,
566,윤소정,,,
567,박한별,,,
568,미쉘 로드리게즈,,,
569,오웬 윌슨,,,
570,까졸,,,
571,뱅상 카셀,,,
572,존 말코비치,,,
573,김규리,,,
574,함은정,,,
575,재뉴어리 존스,,,
576,노먼 리더스,,,
577,엘르 패닝,,,
578,트린 디어홈,,,
579,기네스 팰트로우,,,
580,클라이브 오웬,,,
581,제레미 레너,,,
582,오다기리 죠,,,
583,모이라 켈리,,,
584,제이슨 리,,,
585,츠루노 타케시,,,
586,한가인,,,
587,오마 사이,,,
588,안나 볼쇼바,,,
589,린 콜린스,,,
590,알렉스 러셀,,,
591,크리스 록,,,
592,김동욱,,,
593,크리스틴 코놀리,,,
594,성유리,,,
595,매기 그레이스,,,
596,류현경,,,
597,빌리 코놀리,,,
598,오상철,,,
599,밀라 쿠니스,,,
600,윤보라,,,
601,오사와 타카오,,,
602,이정진,,,
603,이르판 칸,,,
604,한효주,,,
605,이안 맥켈런,,,
606,잭 맥브레이어,,,
607,아비게일 브레스린,,,
608,카리 케토넨,,,
609,테레사 팔머,,,
610,박신혜,,,
611,제이미 폭스,,,
612,마크 앙드레 그롱당,,,
613,홍상표,,,
614,미레유 에노스,,,
615,박기웅,,,
616,벤 반스,,,
617,칼 어번,,,
618,로라 던,,,
619,줄리 델피,,,
620,스펜서 트리트 클라크,,,
621,패트릭 윌슨,,,
622,문소리,,,
623,벤 애플렉,,,
624,제이미 캠벨 바우어,,,
625,알렉산드리아 다다리오,,,
626,존 굿맨,,,
627,서태화,,,
628,아사 버터필드,,,
629,크리스틴 위그,,,
630,정찬우,,,
631,도널 글리슨,,,
632,이광수,,,
633,고아성,,,
634,줄리안 무어,,,
635,앰버 허드,,,
636,김고은,,,
637,세바스찬 냅,,,
638,제시카 고메즈,,,
639,에밀리 블런트,,,
640,이와 위클란더,,,
641,팀 로스,,,
642,카야 스코델라리오,,,
643,신세경,,,
644,엘리자베스 올슨,,,
645,보이드 홀브룩,,,
646,워드 호튼,,,
647,사라 웨인 콜리스,,,
648,김윤진,,,
649,팜케 얀센,,,
650,강계열,,,
651,이레,,,
652,폴 워커,,,
653,이준호,,,
654,J.K. 시몬스,,,
655,태런 에저튼,,,
656,리처드 매든,,,
657,테오 제임스,,,
658,자니 플린,,,
659,박근형,,,
660,조엘 킨나만,,,
661,김성균,,,
662,주디 그리어,,,
663,세스 맥팔레인,,,
664,고준희,,,
665,프랭크 그릴로,,,
666,엄지원,,,
667,샤를리즈 테론,,,
668,유아인,,,
669,토마스 생스터,,,
670,여진구,,,
671,키리야마 렌,,,
672,아네트 베닝,,,
673,정우,,,
674,고아라,,,
675,셀레나 고메즈,,,
676,정만식,,,
677,이미자,,,
678,제이슨 베이트먼,,,
679,윤제문,,,
680,안소니 홉킨스,,,
681,테일러 키니,,,
682,김준면,,,
683,톰 펠튼,,,
684,존 코베트,,,
685,강하나,,,
686,마고 로비,,,
687,리암 헴스워스,,,
688,빌 머레이,,,
689,샘 클라플린,,,
690,김현빈,,,
691,토비 켑벨,,,
692,오크스 페글리,,,
693,딜런 미네트,,,
694,사문영,,,
695,디에고 루나,,,
696,라이언 고슬링,,,
697,카미시라이시 모네,,,
698,신용우,,,
699,변요한,,,
700,김정아,,,
701,댄 스티븐스,,,
702,마이클 피트,,,
703,옥타비아 스펜서,,,
704,이케마츠 소스케,,,
705,구구 바샤-로,,,
706,최희서,,,
707,소피아 부텔라,,,
708,우디 해럴슨,,,
709,홍진욱,,,
710,황창영,,,
711,홍범기,,,
712,서지연,,,
713,안나 와게너,,,
714,이상호,,,
715,곽도원,,,
716,잭 에프런,,,
717,닉 프로스트,,,
718,캐리 피셔,,,
719,박지현,,,
720,사이먼 페그,,,
721,스콧 이스트우드,,,
722,전태열,,,
723,아미 해머,,,
724,안재홍,,,
725,김해숙,,,
726,베니치오 델 토로,,,
727,장병관,,,
728,패트릭 슈왈제네거,,,
729,김영광,,,
730,데미안 비쉬어,,,
731,데브라 메싱,,,
732,김시아,,,
733,주지훈,,,
734,조셉 마젤로,,,
735,파멜라 애들론,,,
736,박세완,,,
737,박혜수,,,
738,라미란,,,
739,강희선,,,
740,조정석,,,
741,윈스턴 듀크,,,
742,임윤,,,
743,마이클 키튼,,,
744,전소니,,,
745,김소진,,,
746,도미닉 웨스트,,,
747,진경,,,
748,알란 릭맨,,,
749,박영규,,,
750,안선영,,,
751,마이아 모겐스턴,,,
752,소이현,,,
753,이은주,,,
754,김경란,,,
755,이세영,,,
756,필립 세이모어 호프만,,,
757,김가연,,,
758,메키 파이퍼,,,
759,에디 머피,,,
760,고두심,,,
761,이안 홈,,,
762,류진,,,
763,에릭 바나,,,
764,김호정,,,
765,박지빈,,,
766,베트 미들러,,,
767,발 킬머,,,
768,이민아,,,
769,유병훈,,,
770,임원희,,,
771,디트리히 베이더,,,
772,에릭 스튜어트,,,
773,박연아,,,
774,마이클 케인,,,
775,이대연,,,
776,남상미,,,
777,양채니,,,
778,나오미 왓츠,,,
779,김애경,,,
780,루퍼트 그린트,,,
781,김신영,,,
782,이상우,,,
783,최은주,,,
784,박슬기,,,
785,김정우,,,
786,강민수,,,
787,최준영,,,
788,백윤식,,,
789,윤여정,,,
790,김현아,,,
791,이창환,,,
792,박준규,,,
793,오언조,,,
794,김현숙,,,
795,서기,,,
796,정욱,,,
797,지현우,,,
798,최정우,,,
799,유선,,,
800,조영진,,,
801,데이비드 맥기니스,,,
802,김성민,,,
803,안석환,,,
804,노민우,,,
805,데니 안/ 안신원,,,
806,최성국,,,
807,케리 러셀,,,
808,서영희,,,
809,브리아나 에비건,,,
810,마이클 갬본,,,
811,모건 프리먼,,,
812,강신일,,,
813,주다영,,,
814,신시아 닉슨,,,
815,유건,,,
816,케이트 보스워스,,,
817,김태한,,,
818,김혜옥,,,
819,홍수현,,,
820,백성현,,,
821,왕석현,,,
822,수지 에스먼,,,
823,데이빗 크로스,,,
824,전세홍,,,
825,조앤 쿠삭,,,
826,빙 라메스,,,
827,최종만,,,
828,비 방,,,
829,견미리,,,
830,김민영,,,
831,손은서,,,
832,문 블러드굿,,,
833,유승목,,,
834,남능미,,,
835,월터 페레즈,,,
836,헤일리 웹,,,
837,김지석,,,
838,조성우,,,
839,올리버 플랫,,,
840,정윤민,,,
841,유현주,,,
842,헬레나 본햄 카터,,,
843,전국환,,,
844,스티브 마틴,,,
845,박주미,,,
846,김현석,,,
847,브래들리 쿠퍼,,,
848,최다니엘,,,
849,신현빈,,,
850,김강우,,,
851,김희원,,,
852,태연,,,
853,미우라 토모카즈,,,
854,송영창,,,
855,하비 케이틀,,,
856,이문수,,,
857,조성하,,,
858,올리비아 와일드,,,
859,유리 로웬탈,,,
860,문남숙,,,
861,송재호,,,
862,차예련,,,
863,브리짓 모나핸,,,
864,탠디 뉴튼,,,
865,로지 헌팅턴-휘틀리,,,
866,강소라,,,
867,박장면,,,
868,강명희,,,
869,케빈 클라인,,,
870,율리히 톰센,,,
871,허재호,,,
872,오만석,,,
873,테일러 로트너,,,
874,칼라 구기노,,,
875,임형준,,,
876,판빙빙,,,
877,최정원,,,
878,김서영,,,
879,조나단 테일러 토마스,,,
880,신동훈,,,
881,타카하시 히데키,,,
882,윌렘 데포,,,
883,마이클 B. 조던,,,
884,마틴 쉰,,,
885,데이빗 쉼머,,,
886,안나 허치슨,,,
887,김성령,,,
888,이수혁,,,
889,조셉 길건,,,
890,송용진,,,
891,엠마 톰슨,,,
892,권세인,,,
893,라프 스팰,,,
894,제인 린치,,,
895,김민정,,,
896,제프 골드블럼,,,
897,엘레나 크니틸라,,,
898,신소율,,,
899,드웨인 존슨,,,
900,최무성,,,
901,갈소원,,,
902,크리스토프 왈츠,,,
903,크리스타 테렛,,,
904,애런 존슨,,,
905,문석범,,,
906,매튜 폭스,,,
907,정현태,,,
908,매기 질렌할,,,
909,이현우,,,
910,샤무스 데이비 피츠패트릭,,,
911,앤드류 센세닉,,,
912,릴리 테일러,,,
913,젬마 아터튼,,,
914,케빈 지거스,,,
915,브랜든 T. 잭슨,,,
916,스티브 부세미,,,
917,김희정,,,
918,숀 펜,,,
919,빌 나이,,,
920,류태호,,,
921,김유정,,,
922,미쉘 독커리,,,
923,박인환,,,
924,설리반 스탭플턴,,,
925,안서현,,,
926,다윈 쇼,,,
927,니콜라 펠츠,,,
928,신정근,,,
929,빌 팩스톤,,,
930,앨런 포드,,,
931,프랭크 란젤라,,,
932,박성웅,,,
933,윌 폴터,,,
934,애덤 리바인,,,
935,알프레 우다드,,,
936,제레미 섬터,,,
937,박소영,,,
938,톰 맥그라스,,,
939,최민수,,,
940,강하늘,,,
941,에드 해리스,,,
942,김율호,,,
943,타카오카 사키,,,
944,코디 혼,,,
945,박소담,,,
946,문근영,,,
947,박해준,,,
948,르네 루소,,,
949,이경영,,,
950,사사키 노조미,,,
951,제니퍼 가너,,,
952,케빈 제임스,,,
953,매켄지 포이,,,
954,로즈 레슬리,,,
955,함수정,,,
956,샤키라,,,
957,이오인 맥큰,,,
958,엘레나 캠푸리스,,,
959,서미지,,,
960,김현수,,,
961,한예리,,,
962,프란카 포텐테,,,
963,매튜 루이스,,,
964,제프리 아렌드,,,
965,패트릭 뎀시,,,
966,로라 린니,,,
967,웨스 벤틀리,,,
968,스티븐 랭,,,
969,매즈 미켈슨,,,
970,문정희,,,
971,핀 위트록,,,
972,나가사와 마사미,,,
973,채서진,,,
974,최낙윤,,,
975,루크 에반스,,,
976,정웅인,,,
977,마이클 윈코트,,,
978,박병은,,,
979,토다 에리카,,,
980,알리슨 필,,,
981,서영화,,,
982,김인우,,,
983,로라 하드독,,,
984,이성민,,,
985,폴 다노,,,
986,유재명,,,
987,카이라 세드윅,,,
988,성준,,,
989,윤세웅,,,
990,김경희,,,
991,박철민,,,
992,김현지,,,
993,설현,,,
994,셀마 헤이엑,,,
995,호세 코로나도,,,
996,신종민,,,
997,김갑수,,,
998,미쉘 윌리엄스,,,
999,제이콥 트렘블레이,,,
1000,아담 드라이버,,,
1001,오아연,,,
1002,올리비아 쿡,,,
1003,김지환,,,
1004,케일리 스패니,,,
1005,이소영,,,
1006,마이클 스털버그,,,
1007,치웨텔 에지오포,,,
1008,이고운,,,
1009,예수정,,,
1010,이사벨라 모너,,,
1011,김사라,,,
1012,롭 리글,,,
1013,신현숙,,,
1014,이유영,,,
1015,보니 아론스,,,
1016,이희준,,,
1017,실비 테스튀,,,
1018,제니퍼 엘,,,
1019,존 시나,,,
1020,이준혁,,,
1021,자레드 그라임스,,,
1022,김환진,,,
1023,배두나,,,
1024,조우진,,,
1025,엘리자베스 모스,,,
1026,벤 멘델슨,,,
1027,대니 드비토,,,
1028,김혜준,,,
1029,엘리너 톰린슨,,,
